ID,Name,Map reference,Grid reference,Location,Population Density,Travel time to GPO (minutes),Distance to GPO (km),LGA,Primary Care Partnership,Medicare Local,Area (km^2),ARIA+ (min),ARIA+ (max),ARIA+ (avg),ABS remoteness category,DHS Area,Unnamed: 0,Commercial (km^2),Commercial (%),Industrial (km^2),Industrial (%),Residential (km^2),Residential (%),Rural (km^2),Rural (%),Other (km^2),Other (%),Unnamed: 0,"2012 ERP age 0-4, persons","2012 ERP age 0-4, %","2012 ERP age 5-9, persons","2012 ERP age 5-9, %","2012 ERP age 10-14, persons","2012 ERP age 10-14, %","2012 ERP age 15-19, persons","2012 ERP age 15-19, %","2012 ERP age 20-24, persons","2012 ERP age 20-24, %","2012 ERP age 25-44, persons","2012 ERP age 25-44, %","2012 ERP age 45-64, persons","2012 ERP age 45-64, %","2012 ERP age 65-69, persons","2012 ERP age 65-69, %","2012 ERP age 70-74, persons","2012 ERP age 70-74, %","2012 ERP age 75-79, persons","2012 ERP age 75-79, %","2012 ERP age 80-84, persons","2012 ERP age 80-84, %","2012 ERP age 85+, persons","2012 ERP age 85+, %","2012 ERP, total",Unnamed: 0,"2007 ERP age 0-4, persons","2007 ERP age 0-4, %","2007 ERP age 5-9, persons","2007 ERP age 5-9, %","2007 ERP age 10-14, persons","2007 ERP age 10-14, %","2007 ERP age 15-19, persons","2007 ERP age 15-19, %","2007 ERP age 20-24, persons","2007 ERP age 20-24, %","2007 ERP age 25-44, persons","2007 ERP age 25-44, %","2007 ERP age 45-64, persons","2007 ERP age 45-64, %","2007 ERP age 65-69, persons","2007 ERP age 65-69, %","2007 ERP age 70-74, persons","2007 ERP age 70-74, %","2007 ERP age 75-79, persons","2007 ERP age 75-79, %","2007 ERP age 80-84, persons","2007 ERP age 80-84, %","2007 ERP age 85+, persons","2007 ERP age 85+, %","2007 ERP, total",Unnamed: 0,"% change, 2007-2012, age 0-4","% change, 2007-2012, age 5-9","% change, 2007-2012, age 10-14","% change, 2007-2012, age 15-19","% change, 2007-2012, age 20-24","% change, 2007-2012, age 25-44","% change, 2007-2012, age 45-64","% change, 2007-2012, age 65-69","% change, 2007-2012, age 70-74","% change, 2007-2012, age 75-79","% change, 2007-2012, age 80-84","% change, 2007-2012, age 85+","% change, 2007-2012, total",Unnamed: 0,Public Hospitals,Private Hospitals,Community Health Centres,Bush Nursing Centres,Allied Health,Alternative Health,Child Protection and Family,Dental,Disability,General Practice,Homelessness,Mental Health,Pharmacies,Aged Care (High Care),Aged Care (Low Care),Aged Care (SRS),Kinder and/or Childcare,Primary Schools,Secondary Schools,P12 Schools,Other Schools,Centrelink Offices,Medicare Offices,Medicare Access Points,Unnamed: 0,Number of Households,Average persons per household,Occupied private dwellings,"Occupied private dwellings, %",Population in non-private dwellings,Public Housing Dwellings,% dwellings which are public housing,Dwellings with no motor vehicle,"Dwellings with no motor vehicle, %",Dwellings with no internet,"Dwellings with no internet, %",Equivalent household income <$600/week,"Equivalent household income <$600/week, %","Personal income <$400/week, persons","Personal income <$400/week, %",Number of families,Female-headed lone parent families,"Female-headed lone parent families, %",Male-headed lone parent families,"Male-headed lone parent families, %",% residing near PT,IRSD (min),IRSD (max),IRSD (avg),Primary school students,Secondary school students,TAFE students,University students,"Holds degree or higher, persons","Holds degree or higher, %","Did not complete year 12, persons","Did not complete year 12, %","Unemployed, persons","Unemployed, %","Volunteers, persons","Volunteers, %","Requires assistance with core activities, persons","Requires assistance with core activities, %","Aged 75+ and lives alone, persons","Aged 75+ and lives alone, %","Unpaid carer to person with disability, persons","Unpaid carer to person with disability, %","Unpaid carer of children, persons","Unpaid carer of children, %",Top industry,"Top industry, %",2nd top industry - persons,"2nd top industry, %",3rd top industry - persons,"3rd top industry, %",Top occupation,"Top occupation, %",2nd top occupation - persons,"2nd top occupation, %",3rd top occupation - persons,"3rd top occupation, %",Unnamed: 0,"Aboriginal or Torres Strait Islander, persons","Aboriginal or Torres Strait Islander, %","Born overseas, persons","Born overseas, %","Born in non-English speaking country, persons","Born in non-English speaking country, %","Speaks LOTE at home, persons","Speaks LOTE at home, %","Poor English proficiency, persons","Poor English proficiency, %",Top country of birth,"Top country of birth, persons","Top country of birth, %",2nd top country of birth,"2nd top country of birth, persons","2nd top country of birth, %",3rd top country of birth,"3rd top country of birth, persons","3rd top country of birth, %",4th top country of birth,"4th top country of birth, persons","4th top country of birth, %",5th top country of birth,"5th top country of birth, persons","5th top country of birth, %",Top language spoken,"Top language spoken, persons","Top language spoken, %",2nd top language spoken,"2nd top language spoken, persons","2nd top language spoken, %",3rd top language spoken,"3rd top language spoken, persons","3rd top language spoken, %",4th top language spoken,"4th top language spoken, persons","4th top language spoken, %",5th top language spoken,"5th top language spoken, persons","5th top language spoken, %",Unnamed: 0,Map reference,Grid reference,Location,Population Density,Travel time to GPO (minutes),Distance to GPO (km),LGA,Primary Care Partnership,Medicare Local,Area (km^2),ARIA+ (min),ARIA+ (max),ARIA+ (avg),ABS remoteness category,DHS Area,Unnamed: 0,"5th top language spoken, %","Public hospital separations, 2012-13",Nearest Public Hospital,Travel time to nearest public hospital,Distance to nearest public hospital,"Obstetric type separations, 2012-13",Nearest public hospital with maternity services,Time to nearest public hospital with maternity services,Distance to nearest public hospital with maternity services,"Presentations to emergency departments, 2012-13",Nearest public hospital with emergency department,Travel time to nearest public hospital with emergency department,Distance to nearest public hospital with emergency department,Presentations to emergency departments due to injury,"Presentations to emergency departments due to injury, %",Category 4 & 5 emergency department presentations,"Category 4 & 5 emergency department presentations, %"
1,Ascot-Vale-Suburb,4,"B3
","6km NW of Melbourne
",3758.6,9,7,"Moonee Valley (C)
","Inner North West Primary Care Partnership
","Inner North West Melbourne
",3.8,0,0,0,"Major Cities of Australia
","Western Melbourne
",1,0.11,2.9,0.01,0.1,2.89,75.5,0,0,0.83,21.5,1,1135,7.9,804,5.6,619,4.3,575,4,1229,8.5,5335,37,3240,22.5,436,3,344,2.4,274,1.9,234,1.6,191,1.3,14416,1,848,6.4,665,5,611,4.6,688,5.2,1187,9,4690,35.5,3008,22.8,411,3.1,346,2.6,294,2.2,248,1.9,200,1.5,13196,1,33.9,20.8,1.3,-16.5,3.5,13.7,7.7,6,-0.6,-6.7,-5.5,-4.5,9.2,1,0,1,1,0,10,5,0,0,0,2,1,2,4,0,31,0,4,3,0,0,1,0,0,0,1,5546,2.4,5634,92.3,72,1467,24,825,13.5,1062,17.4,1604,33.8,3586,35.2,3447,465,13.5,88,2.6,100,400,1105,990,853,624,364,827,3686,62.6,3231,31.9,440,6,1917,18.9,560,4.5,192,1.4,1121,11.1,2735,26.9,"Professional, Scientific and Technical Services
",13.1,"Health Care and Social Assistance
",12,"Education and Training
",10.4,"Professionals
",33.1,"Clerical and Administrative Workers
",16.5,"Managers
",15.1,1,53,0.42,3792,30.2,3003,23.9,3730,29.6,795,6.3,"Italy
",826,3.3,"Vietnam
",722,2.9,"England
",584,2.3,"New Zealand
",522,2.1,"China
",500,2,"Italian
",657,5.2,"Vietnamese
",440,3.5,"Greek
",366,2.9,"Cantonese
",271,2.2,"Arabic
",215,1.7,1,4,"B3
","6km NW of Melbourne
",3758.6,9,7,"Moonee Valley (C)
","Inner North West Primary Care Partnership
","Inner North West Melbourne
",3.8,0,0,0,"Major Cities of Australia
","Western Melbourne
",1,1.7,2702,"Western Hospital (Footscray)
",5,4,216,"Royal Women's Hospital
",6,5,3313,"Royal Melbourne Hospital
",7,5,679,20.5,1865,56.3
2,Braybrook-Suburb,4,"A3
","10km WNW of Melbourne
",2025.5,15,12,"Maribyrnong (C)
","HealthWest (b): Hobson's Bay, Maribyrnong, Wyndham Primary Care Partnership
","Macedon Ranges and North Western Melbourne
",4.3,0,0,0,"Major Cities of Australia
","Western Melbourne
",2,1.01,23.4,0.18,4.1,2.2,50.8,0,0,0.94,21.6,2,700,8,562,6.4,509,5.8,598,6.8,801,9.1,2909,33.2,1798,20.5,230,2.6,205,2.3,189,2.2,150,1.7,109,1.2,8760,2,549,7.3,473,6.3,542,7.2,537,7.1,594,7.9,2217,29.4,1661,22,249,3.3,212,2.8,253,3.4,159,2.1,91,1.2,7537,2,27.5,18.8,-6.1,11.4,34.8,31.2,8.2,-7.6,-3.3,-25.3,-5.7,19.8,16.2,2,0,0,1,0,13,1,0,1,1,4,0,3,2,0,0,0,1,2,2,0,1,0,0,0,2,2994,2.7,2908,93.8,"<5
",1310,42.3,507,16.4,820,26.5,1431,61.5,3315,58.3,1940,477,24.6,86,4.4,97.9,619,969,801,582,503,256,468,993,48.8,2490,44.5,397,12.6,591,10.6,472,6.4,144,1.8,574,10.3,1436,25.4,"Manufacturing
",15.9,"Retail Trade
",11.8,"Health Care and Social Assistance
",10.2,"Labourers
",18.2,"Professionals
",16.2,"Clerical and Administrative Workers
",13.4,2,55,0.74,4207,57.4,3969,54.1,5296,71.5,1606,21.7,"Vietnam
",3480,23.7,"India
",810,5.5,"China
",512,3.5,"Philippines
",378,2.6,"Burma (Myanmar)
",342,2.3,"Vietnamese
",2262,30.6,"Cantonese
",584,7.9,"Somali
",235,3.2,"Mandarin
",208,2.8,"Punjabi
",161,2.2,2,4,"A3
","10km WNW of Melbourne
",2025.5,15,12,"Maribyrnong (C)
","HealthWest (b): Hobson's Bay, Maribyrnong, Wyndham Primary Care Partnership
","Macedon Ranges and North Western Melbourne
",4.3,0,0,0,"Major Cities of Australia
","Western Melbourne
",2,2.2,2965,"Western Hospital (Footscray)
",5,4,190,"Sunshine Hospital
",8,6,2633,"Royal Melbourne Hospital
",13,10,544,20.6,1684,64
3,Craigieburn-Suburb,2,"A3
","27km N of Melbourne
",1035,32,43,"Hume (C)
","Hume-Whittlesea Primary Care Partnership
","Northern Melbourne
",35.3,0,0,0,"Major Cities of Australia
","Hume Moreland
",3,0.78,2.2,1.76,5,4.49,12.7,1.94,5.5,26.35,74.6,3,3590,9.8,2964,8.1,2670,7.3,2658,7.3,2808,7.7,13000,35.6,7159,19.6,728,2,458,1.3,277,0.8,165,0.5,72,0.2,36549,3,2025,8.5,2095,8.8,2152,9.1,1908,8.1,1678,7.1,8305,35,4555,19.2,429,1.8,270,1.1,152,0.6,85,0.4,51,0.2,23705,3,77.3,41.5,24.1,39.3,67.3,56.5,57.2,69.7,69.5,82.5,94.2,41.7,54.2,3,1,0,1,0,15,0,0,1,1,8,0,3,2,0,0,0,2,6,1,1,0,0,0,0,3,11051,3,10328,93.5,5,384,3.5,367,3.3,1374,12.4,3257,36,8792,38.6,8909,1284,14.4,244,2.7,74.2,909,1059,990,3207,2452,795,933,3189,32.6,11159,48.9,1053,6.4,2350,10.4,1114,3.6,65,0.2,2474,10.9,8187,35.8,"Manufacturing
",18.1,"Retail Trade
",10.7,"Health Care and Social Assistance
",10.3,"Clerical and Administrative Workers
",17.7,"Technicians and Trades Workers
",17.5,"Machinery Operators and Drivers
",12.5,3,251,0.8,10529,33.6,8924,28.5,12725,40.5,1778,5.7,"India
",3682,5.9,"Sri Lanka
",1802,2.9,"Iraq
",1788,2.9,"New Zealand
",1564,2.5,"Turkey
",1260,2,"Turkish
",1530,4.9,"Arabic
",1156,3.7,"Sinhalese
",1081,3.4,"Italian
",1050,3.3,"Punjabi
",1007,3.2,3,2,"A3
","27km N of Melbourne
",1035,32,43,"Hume (C)
","Hume-Whittlesea Primary Care Partnership
","Northern Melbourne
",35.3,0,0,0,"Major Cities of Australia
","Hume Moreland
",3,3.2,9645,"Craigieburn Health Service
",7,7,919,"The Northern Hospital
",12,15,9916,"The Northern Hospital
",12,15,2044,20.6,5102,51.5
4,Croydon-Suburb,2,"B4
","28km E of Melbourne
",1730.1,29,34,"Maroondah (C)
","Outer East Primary Care Partnership
","Eastern Melbourne
",14.2,0,0,0,"Major Cities of Australia
","Outer Eastern Melbourne
",4,0.23,1.6,0.41,2.9,10.37,73.1,0.04,0.3,3.15,22.2,4,1601,6.5,1309,5.3,1197,4.9,1360,5.5,1607,6.5,7119,29,5805,23.6,1227,5,972,4,798,3.2,772,3.1,790,3.2,24557,4,1325,5.9,1191,5.3,1243,5.5,1361,6,1628,7.2,6098,26.9,5741,25.3,1063,4.7,825,3.6,850,3.8,673,3,649,2.9,22648,4,20.8,9.9,-3.7,-0.1,-1.3,16.7,1.1,15.4,17.8,-6.1,14.7,21.8,8.4,4,0,1,0,0,30,8,0,7,9,9,0,9,8,132,179,45,10,5,2,0,0,0,0,0,4,10020,2.4,9694,93,439,461,4.4,716,6.9,1941,18.6,3287,38.3,6728,37.1,6379,995,15.6,208,3.3,100,884,1143,1018,1556,1265,572,718,3275,35.9,9152,50.6,544,4.6,3437,18.8,1278,5.6,888,3.8,2220,12.2,5361,29.2,"Health Care and Social Assistance
",13.2,"Manufacturing
",13.1,"Construction
",11.2,"Professionals
",20.9,"Technicians and Trades Workers
",16.8,"Clerical and Administrative Workers
",16.8,4,118,0.52,4925,21.8,2673,11.8,2516,11.1,577,2.5,"England
",2674,5.9,"Burma (Myanmar)
",704,1.6,"New Zealand
",610,1.4,"China
",546,1.2,"India
",546,1.2,"Mandarin
",302,1.3,"Italian
",155,0.7,"Dutch
",147,0.6,"Chin_Haka
",142,0.6,"German
",139,0.6,4,2,"B4
","28km E of Melbourne
",1730.1,29,34,"Maroondah (C)
","Outer East Primary Care Partnership
","Eastern Melbourne
",14.2,0,0,0,"Major Cities of Australia
","Outer Eastern Melbourne
",4,0.6,5781,"Maroondah Hospital
",5,4,318,"Yarra Ranges Health
",11,9,6150,"Maroondah Hospital
",5,4,1755,28.5,3062,49.8
5,Fawkner-Suburb,4,"C1
","12km N of Melbourne
",2619.1,17,13,"Moreland (C)
","Inner North West Primary Care Partnership
","Inner North West Melbourne
",5.1,0,0,0,"Major Cities of Australia
","Hume Moreland
",5,0.12,2.4,0.17,3.3,3.66,72,0,0,1.13,22.3,5,950,7.1,922,6.9,815,6.1,780,5.9,869,6.5,3740,28.1,2506,18.8,493,3.7,574,4.3,643,4.8,569,4.3,455,3.4,13316,5,916,7.3,874,7,755,6,717,5.7,819,6.5,3288,26.2,2378,18.9,606,4.8,758,6,715,5.7,477,3.8,246,2,12549,5,3.7,5.5,7.9,8.8,6.1,13.7,5.4,-18.6,-24.3,-10.1,19.3,85,6.1,5,0,0,1,0,13,1,0,1,0,5,0,0,3,90,150,0,3,4,1,1,0,0,0,0,5,4552,2.8,4403,92.3,262,151,3.2,534,11.2,1497,31.4,2230,58.9,5051,55.3,3275,506,15.5,101,3.1,90.4,843,1003,902,961,746,280,431,1326,41.8,4771,53.7,350,7.7,821,9.1,1176,9.9,394,3.1,1249,13.9,2243,24.6,"Manufacturing
",13.7,"Retail Trade
",11.7,"Health Care and Social Assistance
",9,"Professionals
",16.7,"Technicians and Trades Workers
",15.9,"Clerical and Administrative Workers
",14.1,5,60,0.51,5874,49.6,5404,45.7,7772,65.5,1728,14.6,"Italy
",3314,14,"Pakistan
",1154,4.9,"Lebanon
",850,3.6,"India
",794,3.3,"Iraq
",662,2.8,"Italian
",2313,19.5,"Arabic
",1352,11.4,"Urdu
",773,6.5,"Greek
",577,4.9,"Turkish
",420,3.5,5,4,"C1
","12km N of Melbourne
",2619.1,17,13,"Moreland (C)
","Inner North West Primary Care Partnership
","Inner North West Melbourne
",5.1,0,0,0,"Major Cities of Australia
","Hume Moreland
",5,3.5,4695,"Broadmeadows Health Service
",9,7,287,"The Northern Hospital
",12,12,3799,"The Northern Hospital
",12,12,680,17.9,1943,51.1
6,Footscray-Suburb,4,"B3
","6km WNW of Melbourne
",2848.7,9,7,"Maribyrnong (C)
","HealthWest (b): Hobson's Bay, Maribyrnong, Wyndham Primary Care Partnership
","Macedon Ranges and North Western Melbourne
",5,0,0,0,"Major Cities of Australia
","Western Melbourne
",6,0.41,8.3,0.35,7.1,2.12,42.7,0,0,2.08,41.9,6,849,6,496,3.5,356,2.5,550,3.9,1665,11.8,6195,43.8,2604,18.4,356,2.5,312,2.2,237,1.7,256,1.8,273,1.9,14149,6,667,5.5,499,4.1,451,3.7,542,4.5,1494,12.4,4741,39.2,2220,18.4,393,3.2,310,2.6,301,2.5,229,1.9,244,2,12091,6,27.3,-0.5,-21.1,1.5,11.5,30.7,17.3,-9.3,0.6,-21.3,11.8,11.9,17,6,3,3,6,0,85,4,9,15,13,23,6,22,10,153,182,0,2,5,2,0,0,1,0,0,6,5288,2.5,5606,92,645,719,11.8,1277,21,1048,17.2,1981,44.3,4453,44.7,2798,375,13.4,78,2.8,98.5,756,1059,939,474,430,475,1408,3426,63.6,2935,29.8,591,8.9,1516,15.4,713,6.2,213,1.6,930,9.5,2017,20.4,"Accommodation and Food Services
",11,"Health Care and Social Assistance
",10,"Retail Trade
",9.9,"Professionals
",27.7,"Clerical and Administrative Workers
",14.5,"Labourers
",12.1,6,48,0.42,6084,52.9,5206,45.3,6203,54,1469,12.8,"Vietnam
",2500,10.9,"India
",1928,8.4,"China
",1306,5.7,"Bangladesh
",552,2.4,"New Zealand
",436,1.9,"Vietnamese
",1577,13.7,"Mandarin
",578,5,"Cantonese
",405,3.5,"Greek
",288,2.5,"Bengali
",283,2.5,6,4,"B3
","6km WNW of Melbourne
",2848.7,9,7,"Maribyrnong (C)
","HealthWest (b): Hobson's Bay, Maribyrnong, Wyndham Primary Care Partnership
","Macedon Ranges and North Western Melbourne
",5,0,0,0,"Major Cities of Australia
","Western Melbourne
",6,2.5,3948,"Western Hospital (Footscray)
",2,2,294,"Royal Women's Hospital
",7,6,4253,"Royal Melbourne Hospital
",7,6,878,20.6,2720,64
7,Glenroy-Suburb,4,"B1
","13km NNW of Melbourne
",2352.1,16,15,"Moreland (C)
","Inner North West Primary Care Partnership
","Inner North West Melbourne
",8.8,0,0,0,"Major Cities of Australia
","Hume Moreland
",7,0.14,1.6,0.09,1,5.72,64.7,0,0,2.89,32.7,7,1437,6.9,1125,5.4,1076,5.2,1176,5.7,1529,7.3,6715,32.3,4077,19.6,744,3.6,740,3.6,801,3.8,749,3.6,641,3.1,20810,7,1230,6.4,1160,6.1,1105,5.8,1122,5.9,1249,6.5,5474,28.6,3820,20,785,4.1,884,4.6,970,5.1,769,4,578,3,19145,7,16.8,-3,-2.6,4.8,22.4,22.7,6.7,-5.2,-16.2,-17.4,-2.7,10.9,8.7,7,0,0,2,0,17,0,0,2,3,7,1,6,5,258,280,36,4,5,1,0,1,0,0,0,7,7566,2.6,7414,92.4,506,864,10.8,995,12.4,2103,26.2,3182,51,6933,48.5,4937,802,16.2,164,3.3,100,709,1037,931,1192,1045,586,681,2461,41.8,7050,49.4,575,7.1,1582,11,1620,8.9,630,3.2,1849,13,3521,24.5,"Manufacturing
",11.7,"Health Care and Social Assistance
",11.6,"Construction
",9.4,"Professionals
",17.2,"Technicians and Trades Workers
",16.9,"Clerical and Administrative Workers
",15.6,7,132,0.72,7638,41.9,6878,37.7,9129,49.7,1604,8.7,"India
",1994,5.5,"Italy
",1930,5.3,"Turkey
",1068,2.9,"Lebanon
",962,2.6,"Sri Lanka
",608,1.7,"Arabic
",1752,9.5,"Italian
",1505,8.2,"Turkish
",839,4.6,"Greek
",558,3,"Punjabi
",383,2.1,7,4,"B1
","13km NNW of Melbourne
",2352.1,16,15,"Moreland (C)
","Inner North West Primary Care Partnership
","Inner North West Melbourne
",8.8,0,0,0,"Major Cities of Australia
","Hume Moreland
",7,2.1,5988,"Broadmeadows Health Service
",4,3,437,"Sunshine Hospital
",12,15,5937,"Royal Melbourne Hospital
",13,13,1063,17.9,3036,51.1
8,Malvern-East-Suburb,1,"D2
","11km SE of Melbourne
",2795.9,14,14,"Stonnington (C)
","Inner South East Partnership in Community & Health
","Bayside
",7.6,0,0,0,"Major Cities of Australia
","Bayside Peninsula
",8,0.44,5.7,0,0,5.35,70.7,0,0,1.78,23.5,8,1192,5.6,1346,6.4,1243,5.9,1286,6.1,2255,10.7,5894,27.9,5156,24.4,835,3.9,578,2.7,474,2.2,405,1.9,494,2.3,21158,8,1373,6.6,1316,6.3,1168,5.6,1280,6.2,1881,9,6120,29.4,4859,23.3,686,3.3,579,2.8,552,2.7,477,2.3,521,2.5,20812,8,-13.2,2.3,6.4,0.5,19.9,-3.7,6.1,21.7,-0.2,-14.1,-15.1,-5.2,1.7,8,0,1,0,0,13,11,0,5,4,5,0,7,5,90,45,46,6,4,0,0,1,0,1,0,8,7666,2.6,7569,92,238,79,1,795,9.7,997,12.1,1800,27.7,5563,36.3,4995,458,9.2,94,1.9,100,998,1167,1091,1711,1310,326,2103,6573,68.4,3725,24.2,549,5.2,3566,23.1,664,3.4,428,2.1,1881,12.3,4543,29.4,"Professional, Scientific and Technical Services
",15.7,"Health Care and Social Assistance
",12.7,"Retail Trade
",10.3,"Professionals
",36.4,"Managers
",18.2,"Clerical and Administrative Workers
",14.5,8,21,0.11,5552,28.9,4258,22.1,4907,25.4,583,3,"China
",1758,4.6,"England
",1054,2.7,"India
",920,2.4,"Greece
",802,2.1,"New Zealand
",550,1.4,"Greek
",1268,6.6,"Mandarin
",975,5,"Cantonese
",366,1.9,"Italian
",329,1.7,"Indonesian
",191,1,8,1,"D2
","11km SE of Melbourne
",2795.9,14,14,"Stonnington (C)
","Inner South East Partnership in Community & Health
","Bayside
",7.6,0,0,0,"Major Cities of Australia
","Bayside Peninsula
",8,1,2293,"Monash Medical Centre (Moorabbin)
",7,6,93,"Monash Medical Centre (Clayton)
",9,8,1654,"Monash Medical Centre (Clayton)
",9,8,324,19.6,847,51.2
9,Malvern-Suburb,1,"C2
","8km SE of Melbourne
",3686.4,12,12,"Stonnington (C)
","Inner South East Partnership in Community & Health
","Bayside
",2.7,0,0,0,"Major Cities of Australia
","Bayside Peninsula
",9,0.13,4.7,0,0,2.31,84,0,0,0.31,11.3,9,590,5.8,653,6.4,567,5.6,504,5,767,7.6,2863,28.2,2534,25,508,5,370,3.7,322,3.2,217,2.1,241,2.4,10136,9,629,6.7,546,5.8,480,5.1,575,6.1,810,8.6,2677,28.4,2305,24.4,397,4.2,351,3.7,268,2.8,226,2.4,177,1.9,9441,9,-6.2,19.6,18.1,-12.4,-5.3,7,9.9,27.9,5.6,20.3,-4,36.3,7.4,9,0,4,0,0,12,7,0,8,4,6,0,11,5,52,61,0,0,2,0,2,0,0,0,0,9,3739,2.5,3733,91.6,337,21,0.5,306,7.5,423,10.4,611,19.1,2078,28.7,2414,221,9.2,38,1.6,100,1059,1147,1103,786,584,92,701,3559,73.2,1473,20.1,205,4.1,1795,24.8,295,3.3,285,3,949,13.1,2185,29.9,"Professional, Scientific and Technical Services
",17.2,"Health Care and Social Assistance
",14.8,"Retail Trade
",9.9,"Professionals
",40.9,"Managers
",19.9,"Clerical and Administrative Workers
",13.2,9,"<5
","n/a
",2333,25.7,1553,17.1,1602,17.6,213,2.3,"India
",634,3.5,"England
",610,3.4,"New Zealand
",372,2.1,"China
",350,1.9,"Greece
",318,1.8,"Greek
",366,4,"Mandarin
",190,2.1,"Italian
",123,1.4,"Cantonese
",89,1,"Gujarati
",86,0.9,9,1,"C2
","8km SE of Melbourne
",3686.4,12,12,"Stonnington (C)
","Inner South East Partnership in Community & Health
","Bayside
",2.7,0,0,0,"Major Cities of Australia
","Bayside Peninsula
",9,0.9,1132,"Caulfield General Medical Centre
",5,4,33,"Monash Medical Centre (Clayton)
",14,12,792,"The Alfred
",7,5,155,19.6,406,51.2
10,Melbourne-Airport-Suburb,1,"E4
","19km NW of Melbourne
",5.2,23,25,"Hume (C)
","Hume-Whittlesea Primary Care Partnership
","Northern Melbourne
",30.4,0,0,0,"Major Cities of Australia
","Hume Moreland
",10,0.02,0.1,0.11,0.4,0.01,0,7.05,23.2,23.19,76.3,10,8,5.1,15,9.5,3,1.9,15,9.5,11,7,42,26.6,36,22.8,14,8.9,0,0,9,5.7,3,1.9,2,1.3,158,10,"n/a
","n/a
","n/a
","n/a
","n/a
","n/a
","n/a
","n/a
","n/a
","n/a
","n/a
","n/a
","n/a
","n/a
","n/a
","n/a
","n/a
","n/a
","n/a
","n/a
","n/a
","n/a
","n/a
","n/a
","n/a
",10,"n/a
","n/a
","n/a
","n/a
","n/a
","n/a
","n/a
","n/a
","n/a
","n/a
","n/a
","n/a
","n/a
",10,0,0,0,0,1,0,0,0,0,1,0,0,0,0,0,0,0,0,0,0,0,0,0,0,10,19,7.4,32,100,246,"<5
","n/a
",6,18.8,6,18.8,7,43.8,24,32.4,16,"<5
","n/a
","<5
","n/a
",2.9,1070,1070,1070,7,10,"<5
","<5
",19,47.5,34,43.6,"<5
","n/a
",17,23.9,"<5
","n/a
","<5
","n/a
",13,17.6,32,43.8,"Construction
",19.3,"Accommodation and Food Services
",17.5,"Manufacturing
",15.8,"Managers
",25.5,"Technicians and Trades Workers
",18.2,"Community and Personal Service Workers
",12.7,10,"<5
","n/a
",26,30.2,18,20.9,14,16.5,"<5
","n/a
","New Zealand
",18,10.6,"Singapore
",8,4.7,"South Africa
",8,4.7,"Vietnam
",8,4.7,"Italy
",6,3.5,"Vietnamese
",6,6.7,"Spanish
",5,5.6,"Italian
",5,5.6,"None
",0,0,None,0,0,10,1,"E4
","19km NW of Melbourne
",5.2,23,25,"Hume (C)
","Hume-Whittlesea Primary Care Partnership
","Northern Melbourne
",30.4,0,0,0,"Major Cities of Australia
","Hume Moreland
",10,0,5,"Broadmeadows Health Service
",12,13,"<5
","Sunshine Hospital
",13,14,43,"Royal Melbourne Hospital
",20,23,9,20.6,22,51.5
11,Mentone-Suburb,2,"B2
","21km SSE of Melbourne
",2799.8,24,21,"Kingston (C)
","Kingston - Bayside Primary Care Partnership
","Bayside
",4.4,0,0,0,"Major Cities of Australia
","Bayside Peninsula
",11,0.27,6.2,0.15,3.3,3.36,75.5,0,0,0.67,15.1,11,602,4.8,725,5.8,595,4.8,703,5.6,825,6.6,3547,28.5,3158,25.3,652,5.2,494,4,405,3.3,346,2.8,406,3.3,12458,11,518,4.7,507,4.6,587,5.3,647,5.9,664,6,3137,28.5,2903,26.3,493,4.5,428,3.9,413,3.7,331,3,394,3.6,11022,11,16.3,43.1,1.4,8.7,24.2,13.1,8.8,32.2,15.4,-2,4.4,3.2,13,11,0,0,2,0,5,2,0,2,2,3,1,3,3,30,115,42,5,3,3,2,0,0,0,0,11,4975,2.3,4969,91.3,183,77,1.4,443,8.1,921,16.9,1353,31.5,3151,34.2,3105,399,12.9,71,2.3,94.8,988,1112,1058,790,711,235,572,2551,50,3474,37.7,240,3.8,1684,18.3,546,4.9,370,3.2,1139,12.4,2561,27.7,"Professional, Scientific and Technical Services
",11.8,"Health Care and Social Assistance
",11.6,"Retail Trade
",11.1,"Professionals
",27.7,"Clerical and Administrative Workers
",16.3,"Managers
",15.1,11,10,0.09,3111,28,1894,17,2081,18.6,264,2.4,"England
",1134,5.1,"New Zealand
",514,2.3,"Greece
",458,2.1,"India
",410,1.8,"China
",394,1.8,"Greek
",523,4.7,"Mandarin
",203,1.8,"Italian
",196,1.8,"Russian
",110,1,"Turkish
",77,0.7,11,2,"B2
","21km SSE of Melbourne
",2799.8,24,21,"Kingston (C)
","Kingston - Bayside Primary Care Partnership
","Bayside
",4.4,0,0,0,"Major Cities of Australia
","Bayside Peninsula
",11,0.7,4555,"Sandringham and District Memorial Hospital
",7,6,178,"Sandringham and District Memorial Hospital
",7,6,2960,"Sandringham and District Memorial Hospital
",7,6,753,25.4,1591,53.8
12,Moorabbin-Suburb,1,"D5
","16km SSE of Melbourne
",1220.1,21,18,"Kingston (C)
","Kingston - Bayside Primary Care Partnership
","Bayside
",4.6,0,0,0,"Major Cities of Australia
","Bayside Peninsula
",12,0.15,3.2,2.26,49.2,1.55,33.8,0,0,0.63,13.8,12,368,6.6,295,5.3,275,4.9,283,5.1,370,6.6,1687,30.2,1309,23.4,233,4.2,216,3.9,206,3.7,210,3.8,139,2.5,5591,12,353,6.4,284,5.2,281,5.1,312,5.7,343,6.3,1682,30.7,1196,21.8,232,4.2,246,4.5,227,4.1,194,3.5,125,2.3,5475,12,4.2,3.9,-2.1,-9.3,7.9,0.3,9.4,0.4,-12.2,-9.3,8.2,11.2,2.1,12,0,0,0,0,13,2,0,8,4,3,2,7,1,0,0,0,1,3,0,0,1,0,0,0,12,2152,2.5,2106,93.3,82,67,3,177,7.8,444,19.7,649,36,1566,38.3,1468,181,12.3,35,2.4,100,992,1079,1043,367,283,144,236,1104,50.6,1581,38.8,115,4.2,713,17.5,225,4.5,190,3.6,480,11.9,1145,28.1,"Retail Trade
",12,"Health Care and Social Assistance
",11.8,"Manufacturing
",10.1,"Professionals
",24.9,"Clerical and Administrative Workers
",16.3,"Technicians and Trades Workers
",14.1,12,20,0.39,1705,34.1,1274,25.5,1473,29.2,201,4,"England
",358,3.6,"China
",298,3,"Greece
",278,2.8,"India
",256,2.6,"New Zealand
",172,1.7,"Greek
",292,5.8,"Russian
",164,3.3,"Mandarin
",157,3.1,"Italian
",132,2.6,"Arabic
",79,1.6,12,1,"D5
","16km SSE of Melbourne
",1220.1,21,18,"Kingston (C)
","Kingston - Bayside Primary Care Partnership
","Bayside
",4.6,0,0,0,"Major Cities of Australia
","Bayside Peninsula
",12,1.6,1398,"Monash Medical Centre (Moorabbin)
",4,3,63,"Sandringham and District Memorial Hospital
",7,6,1329,"Sandringham and District Memorial Hospital
",7,6,338,25.4,714,53.8
13,Mordialloc-Suburb,2,"C3
","24km SSE of Melbourne
",1814.2,27,25,"Kingston (C)
","Kingston - Bayside Primary Care Partnership
","Bayside
",4.4,0,0,0,"Major Cities of Australia
","Bayside Peninsula
",13,0.05,1.1,0.86,19.4,2.09,47.5,0,0,1.41,32,13,558,7,508,6.4,389,4.9,420,5.3,464,5.8,2541,31.8,1985,24.9,293,3.7,206,2.6,190,2.4,193,2.4,235,2.9,7982,13,581,7.8,445,5.9,383,5.1,400,5.3,423,5.6,2474,33,1713,22.9,224,3,226,3,236,3.2,197,2.6,187,2.5,7489,13,-3.9,14.2,1.6,5.1,9.7,2.7,15.9,30.6,-8.7,-19.6,-2.2,25.6,6.6,13,0,0,0,0,9,1,1,1,4,2,1,1,1,30,138,0,3,2,1,0,0,0,0,0,13,3084,2.4,3090,92.4,157,214,6.4,284,8.5,504,15.1,868,32.7,1948,34.9,1964,249,12.7,45,2.3,99.7,978,1126,1052,593,440,169,281,1469,46.5,2154,38.6,172,4.3,1006,17.8,379,5.3,199,2.6,623,11,1783,31.4,"Manufacturing
",12.1,"Health Care and Social Assistance
",10.6,"Professional, Scientific and Technical Services
",9.7,"Professionals
",26.8,"Clerical and Administrative Workers
",17.1,"Managers
",15,13,29,0.4,1876,26.2,1058,14.8,1284,17.8,203,2.8,"England
",880,6.1,"New Zealand
",244,1.7,"China
",236,1.6,"Greece
",210,1.5,"India
",200,1.4,"Greek
",298,4.1,"Mandarin
",134,1.9,"Italian
",127,1.8,"Russian
",122,1.7,"German
",32,0.4,13,2,"C3
","24km SSE of Melbourne
",1814.2,27,25,"Kingston (C)
","Kingston - Bayside Primary Care Partnership
","Bayside
",4.4,0,0,0,"Major Cities of Australia
","Bayside Peninsula
",13,0.4,1153,"Sandringham and District Memorial Hospital
",10,9,52,"Sandringham and District Memorial Hospital
",10,9,1897,"Sandringham and District Memorial Hospital
",10,9,482,25.4,1020,53.8
14,Murrumbeena-Suburb,1,"D3
","13km SE of Melbourne
",3622,17,16,"Glen Eira (C)
","Inner South East Partnership in Community & Health
","Bayside
",2.5,0,0,0,"Major Cities of Australia
","Bayside Peninsula
",14,0.04,1.5,0.03,1.2,2.11,83.7,0,0,0.34,13.6,14,585,6.4,545,6,434,4.8,416,4.6,702,7.7,3206,35.2,2138,23.5,268,2.9,205,2.3,203,2.2,172,1.9,234,2.6,9108,14,584,6.6,445,5,432,4.9,454,5.1,688,7.8,3124,35.4,1928,21.8,251,2.8,241,2.7,253,2.9,207,2.3,219,2.5,8826,14,0.2,22.5,0.5,-8.4,2,2.6,10.9,6.8,-14.9,-19.8,-16.9,6.8,3.2,14,0,0,0,0,5,0,0,2,1,0,0,1,2,104,20,0,1,2,0,0,0,0,0,0,14,3673,2.3,3579,92.7,87,74,1.9,432,11.2,576,14.9,956,30.1,2265,33.4,2252,204,9.1,40,1.8,100,1009,1121,1073,635,448,146,626,2735,65.5,1840,27.2,219,4.5,1278,19,321,3.9,225,2.6,783,11.7,1946,28.8,"Professional, Scientific and Technical Services
",12.5,"Education and Training
",10.8,"Retail Trade
",10.6,"Professionals
",33.1,"Clerical and Administrative Workers
",17.3,"Managers
",13.5,14,10,0.12,2832,34.2,2305,27.9,2636,31.6,370,4.4,"India
",1048,6.3,"China
",800,4.8,"England
",444,2.7,"Greece
",362,2.2,"New Zealand
",204,1.2,"Greek
",520,6.3,"Mandarin
",383,4.6,"Russian
",174,2.1,"Italian
",145,1.7,"Hindi
",136,1.6,14,1,"D3
","13km SE of Melbourne
",3622,17,16,"Glen Eira (C)
","Inner South East Partnership in Community & Health
","Bayside
",2.5,0,0,0,"Major Cities of Australia
","Bayside Peninsula
",14,1.6,1692,"Monash Medical Centre (Moorabbin)
",6,4,107,"Monash Medical Centre (Clayton)
",9,8,1472,"Monash Medical Centre (Clayton)
",9,8,287,19.5,779,52.9
15,Noble-Park-Suburb,2,"D2
","25km SE of Melbourne
",3525.5,28,34,"Greater Dandenong (C)
","South East Healthy Communities Partnership
","South Eastern Melbourne
",8.6,0,0,0,"Major Cities of Australia
","Southern Melbourne
",15,0.1,1.2,0.11,1.3,7.01,81.9,0,0,1.34,15.7,15,1996,6.6,1654,5.5,1457,4.8,1630,5.4,2261,7.5,10110,33.5,6600,21.9,1319,4.4,1043,3.5,820,2.7,665,2.2,628,2.1,30183,15,1721,6.3,1575,5.8,1579,5.8,1620,6,2105,7.7,8004,29.5,6593,24.3,1121,4.1,978,3.6,800,2.9,634,2.3,449,1.7,27179,15,15.9,5,-7.7,0.6,7.4,26.3,0.1,17.7,6.7,2.5,4.9,40,11.1,15,1,2,0,0,11,0,0,4,6,11,2,6,7,354,166,118,4,5,1,0,2,0,0,0,15,11293,2.5,10538,94.3,710,1006,9,1264,11.3,2813,25.2,4938,53.6,10684,49.6,7439,1356,18.2,256,3.4,100,760,955,880,1732,1548,901,1106,3286,39,9716,45.9,1224,9.7,2378,11.1,1961,7.3,547,1.9,2279,10.8,5222,24.3,"Manufacturing
",22.3,"Health Care and Social Assistance
",11.2,"Retail Trade
",10.4,"Labourers
",17.6,"Technicians and Trades Workers
",15.2,"Machinery Operators and Drivers
",14.5,15,117,0.44,16151,60.1,14710,54.8,16484,61.3,4175,15.5,"India
",4806,8.9,"Vietnam
",4600,8.5,"Sri Lanka
",2968,5.5,"Cambodia
",2454,4.6,"Bosnia and Herzegovina
",1132,2.1,"Vietnamese
",2977,11.1,"Khmer
",1522,5.6,"Sinhalese
",996,3.7,"Punjabi
",993,3.7,"Cantonese
",753,2.8,15,2,"D2
","25km SE of Melbourne
",3525.5,28,34,"Greater Dandenong (C)
","South East Healthy Communities Partnership
","South Eastern Melbourne
",8.6,0,0,0,"Major Cities of Australia
","Southern Melbourne
",15,2.8,9362,"Dandenong Hospital
",7,5,638,"Dandenong Hospital
",7,5,7251,"Dandenong Hospital
",7,5,1591,21.9,3661,50.5
16,North-Melbourne-Suburb,4,"B3
","2km NW of Melbourne
",5417.9,5,3,"Melbourne (C)
","Inner North West Primary Care Partnership
","Inner North West Melbourne
",2.4,0,0,0,"Major Cities of Australia
","Western Melbourne
",16,0.07,2.7,0.37,15.4,1.42,59.6,0,0,0.53,22.3,16,527,4.1,421,3.3,424,3.3,756,5.8,2133,16.5,5619,43.4,2102,16.2,287,2.2,252,1.9,183,1.4,133,1,106,0.8,12943,16,400,3.6,316,2.9,380,3.4,757,6.8,2095,18.9,4537,40.9,1714,15.5,254,2.3,231,2.1,182,1.6,107,1,112,1,11083,16,31.7,33.1,11.6,-0.1,1.8,23.8,22.6,13.2,9.2,0.7,24.5,-5,16.8,16,0,1,1,0,13,3,1,4,4,8,10,11,2,0,39,0,2,2,1,0,1,0,0,0,16,4955,2.4,5291,88.5,835,1870,31.3,1664,27.8,806,13.5,1586,38.2,3732,40.4,2273,344,15.1,47,2.1,100,414,1104,959,423,414,348,2048,4378,76,1755,19.2,579,9,2000,21.9,340,3.3,157,1.3,758,8.3,1428,15.6,"Professional, Scientific and Technical Services
",17.5,"Health Care and Social Assistance
",14,"Education and Training
",9.6,"Professionals
",43,"Clerical and Administrative Workers
",13,"Managers
",12,16,43,0.41,4815,46.1,3832,36.7,4298,41,812,7.7,"China
",1722,8.2,"Malaysia
",826,4,"Vietnam
",624,3,"England
",600,2.9,"New Zealand
",582,2.8,"Mandarin
",964,9.2,"Cantonese
",615,5.9,"Somali
",442,4.2,"Vietnamese
",281,2.7,"Arabic
",233,2.2,16,4,"B3
","2km NW of Melbourne
",5417.9,5,3,"Melbourne (C)
","Inner North West Primary Care Partnership
","Inner North West Melbourne
",2.4,0,0,0,"Major Cities of Australia
","Western Melbourne
",16,2.2,3351,"Royal Melbourne Hospital
",2,2,223,"Royal Women's Hospital
",2,1,2694,"Royal Melbourne Hospital
",2,2,592,22,1699,63.1
17,Northcote-Suburb,4,"C3
","6km NE of Melbourne
",4157.5,9,7,"Darebin (C)
","North East Primary Care Partnership
","Northern Melbourne
",5.8,0,0,0,"Major Cities of Australia
","North Eastern Melbourne
",17,0.24,4,0.16,2.7,4.35,74.4,0,0,1.1,18.8,17,1536,6.3,1368,5.6,1030,4.2,921,3.8,1572,6.5,9557,39.3,5325,21.9,767,3.2,693,2.8,616,2.5,459,1.9,472,1.9,24316,17,1572,6.9,1138,5,910,4,847,3.7,1552,6.9,9272,41,4550,20.1,726,3.2,691,3.1,572,2.5,441,2,347,1.5,22617,17,-2.3,20.2,13.1,8.8,1.3,3.1,17,5.7,0.3,7.8,4,36.2,7.5,17,0,0,1,0,25,9,0,6,7,7,6,8,5,50,176,60,4,3,2,0,1,0,1,0,17,9560,2.4,9440,92.2,205,649,6.3,1508,14.7,1603,15.6,2405,29.5,5942,33.1,5667,633,11.2,123,2.2,100,906,1109,1047,1529,978,480,1771,8237,72.2,4984,27.9,573,4.4,3945,22.1,1171,5.4,407,1.8,2116,11.9,5006,27.9,"Education and Training
",13.8,"Professional, Scientific and Technical Services
",13.7,"Health Care and Social Assistance
",13.6,"Professionals
",42.7,"Managers
",14.1,"Clerical and Administrative Workers
",13.2,17,143,0.65,6034,27.7,4163,19.1,5646,25.7,1282,5.8,"Greece
",2476,5.7,"England
",1482,3.4,"Italy
",1406,3.2,"New Zealand
",1084,2.5,"China
",500,1.1,"Greek
",2202,10,"Italian
",1048,4.8,"Vietnamese
",274,1.2,"Arabic
",245,1.1,"Mandarin
",232,1.1,17,4,"C3
","6km NE of Melbourne
",4157.5,9,7,"Darebin (C)
","North East Primary Care Partnership
","Northern Melbourne
",5.8,0,0,0,"Major Cities of Australia
","North Eastern Melbourne
",17,1.1,5581,"St Vincent's Hospital
",7,5,239,"Royal Women's Hospital
",9,7,6281,"St Vincent's Hospital
",7,5,1371,21.8,3535,56.3
18,Parkville-Suburb,4,"C3
","3km NNW of Melbourne
",1652.3,5,4,"Melbourne (C)
","Inner North West Primary Care Partnership
","Inner North West Melbourne
",4,0,0,0,"Major Cities of Australia
","Western Melbourne
",18,0.07,1.8,0.15,3.7,0.67,16.4,0,0,3.16,78,18,159,2.4,117,1.7,106,1.6,1155,17.3,1818,27.2,1770,26.5,828,12.4,235,3.5,122,1.8,99,1.5,99,1.5,182,2.7,6690,18,117,2.1,83,1.5,85,1.5,1242,21.8,1634,28.7,1464,25.7,687,12.1,108,1.9,81,1.4,59,1,66,1.2,62,1.1,5687,18,35.4,40.6,24.7,-7,11.3,20.9,20.5,117.6,50.6,67.8,50,193.5,17.6,18,4,2,0,0,9,2,1,1,4,6,1,25,2,71,191,0,0,0,1,0,1,0,0,0,18,1648,3.8,1715,87.2,3490,79,4,359,18.3,123,6.3,366,26.4,2959,55.4,827,78,9.4,14,1.7,96.9,1000,1122,1053,139,140,52,2655,2141,80.4,617,11.5,397,12.2,1959,36.6,290,5,35,0.6,407,7.6,661,12.3,"Education and Training
",19.7,"Accommodation and Food Services
",14.7,"Professional, Scientific and Technical Services
",14.2,"Professionals
",43.3,"Community and Personal Service Workers
",13.3,"Clerical and Administrative Workers
",13,18,27,0.47,2227,38.7,1661,28.9,1649,28.7,197,3.4,"China
",724,6.3,"Malaysia
",650,5.6,"England
",376,3.3,"New Zealand
",266,2.3,"Singapore
",224,1.9,"Mandarin
",483,8.4,"Cantonese
",239,4.2,"Italian
",102,1.8,"Malay
",80,1.4,"French
",60,1,18,4,"C3
","3km NNW of Melbourne
",1652.3,5,4,"Melbourne (C)
","Inner North West Primary Care Partnership
","Inner North West Melbourne
",4,0,0,0,"Major Cities of Australia
","Western Melbourne
",18,1,634,"Royal Melbourne Hospital
",3,2,56,"Royal Women's Hospital
",3,2,1392,"Royal Melbourne Hospital
",3,2,306,22,878,63.1
19,Pascoe-Vale-South-Suburb,4,"B2
","8km NNW of Melbourne
",3323.1,11,9,"Moreland (C)
","Inner North West Primary Care Partnership
","Inner North West Melbourne
",3,0,0,0,"Major Cities of Australia
","Hume Moreland
",19,0.04,1.3,0,0,2.5,83.6,0,0,0.45,15.1,19,660,6.6,724,7.3,630,6.3,570,5.7,592,6,2910,29.3,2437,24.5,322,3.2,262,2.6,286,2.9,260,2.6,281,2.8,9934,19,661,7.1,610,6.5,567,6.1,494,5.3,495,5.3,2992,32.1,2052,22,289,3.1,364,3.9,332,3.6,268,2.9,209,2.2,9333,19,-0.1,18.6,11.2,15.3,19.6,-2.7,18.7,11.3,-28,-13.7,-3.1,34.5,6.4,19,0,0,0,0,0,2,0,0,1,1,1,0,1,15,77,0,5,1,0,1,0,0,0,0,19,3566,2.7,3469,93.3,81,31,0.8,279,7.5,704,18.9,1023,34.1,2731,38.4,2525,272,10.8,59,2.3,100,1008,1097,1046,869,601,199,460,1888,52.1,2881,40.4,214,4.5,1172,16.5,481,5.3,267,2.8,989,14,2255,31.5,"Health Care and Social Assistance
",11.6,"Education and Training
",10.9,"Retail Trade
",10.5,"Professionals
",27.3,"Clerical and Administrative Workers
",17.2,"Managers
",14.1,19,39,0.42,2274,24.7,1912,20.8,3140,34,456,4.9,"Italy
",1182,6.4,"Greece
",616,3.4,"India
",294,1.6,"England
",282,1.5,"Lebanon
",190,1,"Italian
",1063,11.6,"Greek
",910,9.9,"Arabic
",277,3,"Spanish
",74,0.8,"Mandarin
",73,0.8,19,4,"B2
","8km NNW of Melbourne
",3323.1,11,9,"Moreland (C)
","Inner North West Primary Care Partnership
","Inner North West Melbourne
",3,0,0,0,"Major Cities of Australia
","Hume Moreland
",19,0.8,2290,"Royal Melbourne Hospital
",8,7,140,"Royal Women's Hospital
",8,7,2959,"Royal Melbourne Hospital
",8,7,570,19.3,1654,55.9
20,Port-Melbourne-Suburb,1,"A1
","4km WSW of Melbourne
",1669.1,8,6,"Port Phillip (C)
","Inner South East Partnership in Community & Health
","Bayside
",9.6,0,0,0,"Major Cities of Australia
","Bayside Peninsula
",20,0.66,6.9,1.33,13.9,1.92,20.1,0,0,5.65,59.1,20,902,5.6,612,3.8,451,2.8,405,2.5,717,4.5,6918,43.3,3956,24.8,779,4.9,532,3.3,334,2.1,201,1.3,164,1,15971,20,831,5.6,494,3.3,407,2.8,376,2.5,853,5.8,6513,44.1,3630,24.6,612,4.1,380,2.6,321,2.2,218,1.5,122,0.8,14757,20,8.5,23.9,10.8,7.7,-15.9,6.2,9,27.3,40,4.1,-7.8,34.4,8.2,20,0,0,0,0,12,4,0,3,1,5,1,3,2,0,35,0,5,1,0,0,1,0,0,0,20,6793,2.1,7067,87.4,62,950,11.7,814,10.1,979,12.1,1331,22.4,2959,25.5,3801,403,10.6,79,2.1,89.7,804,1145,1063,644,398,135,653,4987,67.2,3146,27.3,319,3.7,2156,18.6,502,3.7,234,1.6,1205,10.5,2717,23.4,"Professional, Scientific and Technical Services
",18.5,"Financial and Insurance Services
",9.4,"Manufacturing
",8.1,"Professionals
",37.4,"Managers
",24.1,"Clerical and Administrative Workers
",13.1,20,21,0.16,4040,30,2297,17.1,2861,21.2,446,3.3,"England
",1596,5.9,"New Zealand
",788,2.9,"Greece
",768,2.9,"United States of America
",346,1.3,"China
",272,1,"Greek
",894,6.6,"Italian
",225,1.7,"Mandarin
",157,1.2,"Cantonese
",123,0.9,"Russian
",120,0.9,20,1,"A1
","4km WSW of Melbourne
",1669.1,8,6,"Port Phillip (C)
","Inner South East Partnership in Community & Health
","Bayside
",9.6,0,0,0,"Major Cities of Australia
","Bayside Peninsula
",20,0.9,3276,"Royal Melbourne Hospital
",9,9,139,"Royal Women's Hospital
",9,9,3329,"Royal Melbourne Hospital
",9,9,471,14.1,1892,56.8
21,Prahran-Suburb,1,"C2
","5km SE of Melbourne
",6545.5,9,6,"Stonnington (C)
","Inner South East Partnership in Community & Health
","Bayside
",1.9,0,0,0,"Major Cities of Australia
","Bayside Peninsula
",21,0.27,14.2,0,0,1.36,71.6,0,0,0.27,14.1,21,544,4.4,363,2.9,270,2.2,304,2.4,1259,10.1,6177,49.7,2153,17.3,340,2.7,333,2.7,270,2.2,201,1.6,227,1.8,12441,21,515,4.5,280,2.4,254,2.2,308,2.7,1129,9.8,5475,47.7,2063,18,394,3.4,321,2.8,324,2.8,231,2,187,1.6,11481,21,5.6,29.6,6.3,-1.3,11.5,12.8,4.4,-13.7,3.7,-16.7,-13,21.4,8.4,21,0,2,1,0,22,9,0,7,4,15,3,15,3,90,50,0,0,1,0,1,0,1,1,0,21,5381,2.1,5710,89.5,311,428,6.7,1179,18.5,796,12.5,1142,24.5,2282,25.3,2474,252,10.2,45,1.8,100,659,1132,1060,347,220,206,938,4223,70,1837,20.2,292,4.2,1704,18.7,466,4.6,207,1.9,859,9.5,1563,17.2,"Professional, Scientific and Technical Services
",18.3,"Health Care and Social Assistance
",11.1,"Retail Trade
",8.7,"Professionals
",40.3,"Managers
",17.7,"Clerical and Administrative Workers
",13.9,21,16,0.16,3359,33,2082,20.4,2252,22.1,494,4.8,"England
",990,4.9,"Greece
",814,4,"New Zealand
",778,3.8,"China
",354,1.7,"India
",294,1.4,"Greek
",711,7,"Mandarin
",179,1.8,"Cantonese
",138,1.4,"Italian
",135,1.3,"French
",120,1.2,21,1,"C2
","5km SE of Melbourne
",6545.5,9,6,"Stonnington (C)
","Inner South East Partnership in Community & Health
","Bayside
",1.9,0,0,0,"Major Cities of Australia
","Bayside Peninsula
",21,1.2,2884,"The Alfred
",4,2,91,"Royal Women's Hospital
",11,9,2934,"The Alfred
",4,2,376,12.8,1687,57.5
22,Somerville-Suburb,5,"E2
","49km SSE of Melbourne
",749.1,46,63,"Mornington Peninsula (S)
","Frankston - Mornington Peninsula Primary Care Partnership
","Frankston - Mornington Peninsula
",13.9,0,0,0,"Major Cities of Australia
","Bayside Peninsula
",22,0.15,1.1,0.39,2.8,8.11,58.5,3.84,27.7,1.37,9.9,22,669,6.4,723,7,745,7.2,782,7.5,762,7.3,2600,25,2744,26.4,428,4.1,269,2.6,250,2.4,193,1.9,223,2.1,10388,22,723,7.1,784,7.7,820,8,853,8.4,731,7.2,2833,27.8,2376,23.3,266,2.6,233,2.3,224,2.2,193,1.9,150,1.5,10189,22,-7.5,-7.8,-9.2,-8.4,4.2,-8.2,15.5,60.8,15.3,11.6,0,48.3,2,22,0,0,0,0,7,4,0,1,0,4,0,1,1,50,50,0,2,3,1,0,0,0,0,0,22,3818,2.6,3671,94.8,98,118,3,163,4.2,586,15.1,1117,35.4,2782,37.2,2816,397,14.1,57,2,31.2,934,1120,1029,957,763,270,241,796,22.7,4504,59.5,232,4.3,1248,16.5,447,4.6,225,2.2,905,12,2565,33.8,"Construction
",14.4,"Manufacturing
",13.5,"Retail Trade
",12.8,"Technicians and Trades Workers
",21.3,"Clerical and Administrative Workers
",14.7,"Professionals
",14.2,22,62,0.63,1477,15.2,369,3.8,258,2.6,15,0.2,"England
",1586,8.1,"Scotland
",264,1.4,"New Zealand
",256,1.3,"Netherlands
",134,0.7,"Germany
",130,0.7,"Italian
",43,0.4,"German
",34,0.3,"Dutch
",34,0.3,"Mandarin
",17,0.2,"Greek
",15,0.2,22,5,"E2
","49km SSE of Melbourne
",749.1,46,63,"Mornington Peninsula (S)
","Frankston - Mornington Peninsula Primary Care Partnership
","Frankston - Mornington Peninsula
",13.9,0,0,0,"Major Cities of Australia
","Bayside Peninsula
",22,0.2,2135,"Frankston Hospital
",10,10,122,"Frankston Hospital
",10,10,2356,"Frankston Hospital
",10,10,698,29.6,918,39
23,Sorrento-Suburb,5,"A3
","62km SSW of Melbourne
",212.4,83,107,"Mornington Peninsula (S)
","Frankston - Mornington Peninsula Primary Care Partnership
","Frankston - Mornington Peninsula
",7,0,0,0,"Major Cities of Australia
","Bayside Peninsula
",23,0.08,1.2,0.03,0.4,4.33,61.8,0,0,2.57,36.7,23,38,2.6,64,4.3,47,3.2,40,2.7,36,2.4,189,12.7,426,28.6,214,14.4,172,11.5,118,7.9,91,6.1,55,3.7,1490,23,43,2.8,47,3,49,3.2,55,3.5,50,3.2,206,13.3,506,32.6,188,12.1,153,9.9,107,6.9,86,5.5,62,4,1552,23,-11.6,36.2,-4.1,-27.3,-28,-8.3,-15.8,13.8,12.4,10.3,5.8,-11.3,-4,23,0,0,0,0,2,0,0,0,0,1,0,0,1,0,34,0,1,2,0,0,0,0,0,0,23,605,2.4,634,21.8,63,"<5
","n/a
",31,1.1,145,5,211,41.4,457,37.4,376,26,6.9,"<5
","n/a
",57.2,1017,1076,1053,51,36,5,38,312,46.5,556,45.6,11,2.2,365,29.8,120,8.8,73,5,204,16.6,294,24,"Health Care and Social Assistance
",13.7,"Retail Trade
",13.2,"Construction
",12.2,"Professionals
",22.1,"Managers
",20.2,"Technicians and Trades Workers
",15.7,23,"<5
","n/a
",203,14.9,88,6.5,65,4.7,"<5
","n/a
","England
",162,6,"Italy
",52,1.9,"Scotland
",32,1.2,"Ireland
",20,0.7,"New Zealand
",20,0.7,"Italian
",35,2.6,"Dutch
",5,0.4,"Hungarian
",5,0.4,"Serbian
",5,0.4,"French
","<5
",0,23,5,"A3
","62km SSW of Melbourne
",212.4,83,107,"Mornington Peninsula (S)
","Frankston - Mornington Peninsula Primary Care Partnership
","Frankston - Mornington Peninsula
",7,0,0,0,"Major Cities of Australia
","Bayside Peninsula
",23,0,247,"Rosebud Hospital
",18,15,8,"Frankston Hospital
",46,53,590,"Rosebud Hospital
",18,15,158,26.8,284,48.1
24,South-Melbourne-Suburb,1,"B1
","2km SSW of Melbourne
",4318.6,5,3,"Port Phillip (C)
","Inner South East Partnership in Community & Health
","Bayside
",2.5,0,0,0,"Major Cities of Australia
","Bayside Peninsula
",24,0.51,20.8,0.01,0.5,1.11,44.9,0,0,0.83,33.8,24,570,5.4,364,3.4,280,2.6,327,3.1,798,7.5,4563,43,2371,22.3,429,4,289,2.7,271,2.6,178,1.7,182,1.7,10622,24,459,4.8,295,3.1,224,2.3,356,3.7,916,9.5,4024,41.9,2124,22.1,347,3.6,284,3,227,2.4,166,1.7,177,1.8,9600,24,24.2,23.3,24.8,-8.1,-12.9,13.4,11.6,23.5,1.9,19.1,7,3,10.6,24,0,0,1,0,23,16,6,6,5,6,4,9,4,0,118,0,2,1,0,0,1,1,0,0,24,4298,2.2,4528,89.3,269,1038,20.5,936,18.5,683,13.5,1130,29.8,2345,31.7,2249,259,11.5,62,2.8,100,582,1136,1022,375,254,193,662,3487,72.3,1738,23.7,259,4.9,1471,19.9,508,6,166,1.8,770,10.5,1527,20.6,"Professional, Scientific and Technical Services
",20.1,"Financial and Insurance Services
",9.5,"Health Care and Social Assistance
",9.4,"Professionals
",42.2,"Managers
",20.1,"Clerical and Administrative Workers
",13.4,24,37,0.43,3119,36.4,2002,23.4,2136,24.9,494,5.8,"England
",882,5.1,"New Zealand
",552,3.2,"Indonesia
",446,2.6,"China
",410,2.4,"Greece
",348,2,"Greek
",326,3.8,"Russian
",266,3.1,"Mandarin
",260,3,"Indonesian
",188,2.2,"Italian
",123,1.4,24,1,"B1
","2km SSW of Melbourne
",4318.6,5,3,"Port Phillip (C)
","Inner South East Partnership in Community & Health
","Bayside
",2.5,0,0,0,"Major Cities of Australia
","Bayside Peninsula
",24,1.4,2242,"The Alfred
",5,3,109,"Royal Women's Hospital
",7,5,2214,"The Alfred
",5,3,313,14.1,1258,56.8
25,South-Yarra-Suburb,1,"B1
","4km SE of Melbourne
",5853.9,7,4,"Stonnington (C)
","Inner South East Partnership in Community & Health
","Bayside
",3.6,0,0,0,"Major Cities of Australia
","Bayside Peninsula
",25,0.35,9.6,0,0,2.14,58.5,0,0,1.16,31.9,25,753,3.5,506,2.4,442,2.1,694,3.2,2105,9.9,10472,49,3849,18,834,3.9,612,2.9,435,2,380,1.8,280,1.3,21362,25,664,3.5,401,2.1,387,2.1,786,4.2,2152,11.5,8528,45.4,3794,20.2,675,3.6,467,2.5,447,2.4,272,1.5,205,1.1,18779,25,13.4,26.1,14.2,-11.7,-2.2,22.8,1.5,23.6,30.9,-2.7,39.5,36.3,13.8,25,0,0,0,0,21,14,0,9,2,7,3,26,5,0,0,0,3,2,1,2,1,0,0,0,25,9449,2,10131,86.9,738,976,8.4,2264,19.4,1068,9.2,1724,20.7,3752,23.8,4231,370,8.7,98,2.3,100,535,1154,1070,497,591,301,1778,8334,75,2633,16.7,561,4.6,3261,20.7,470,2.7,377,2,1413,9,2445,15.5,"Professional, Scientific and Technical Services
",20.4,"Health Care and Social Assistance
",10.7,"Financial and Insurance Services
",9.4,"Professionals
",44.7,"Managers
",18.1,"Clerical and Administrative Workers
",13,25,74,0.43,6476,37.5,4023,23.3,4037,23.3,577,3.3,"England
",1756,5.1,"New Zealand
",1392,4,"India
",968,2.8,"China
",760,2.2,"Malaysia
",490,1.4,"Mandarin
",491,2.8,"Greek
",395,2.3,"Cantonese
",329,1.9,"Russian
",290,1.7,"French
",205,1.2,25,1,"B1
","4km SE of Melbourne
",5853.9,7,4,"Stonnington (C)
","Inner South East Partnership in Community & Health
","Bayside
",3.6,0,0,0,"Major Cities of Australia
","Bayside Peninsula
",25,1.2,3879,"The Alfred
",3,2,169,"Royal Women's Hospital
",9,7,4903,"The Alfred
",3,2,722,14.7,2875,58.6
26,Springvale-Suburb,2,"D1
","22km SE of Melbourne
",1888.5,24,26,"Greater Dandenong (C)
","South East Healthy Communities Partnership
","South Eastern Melbourne
",11.1,0,0,0,"Major Cities of Australia
","Southern Melbourne
",26,0.64,5.7,1.34,12,4.95,44.6,0,0,4.18,37.6,26,1261,6,1102,5.3,1057,5,1225,5.8,1852,8.8,6871,32.8,4347,20.7,796,3.8,687,3.3,689,3.3,615,2.9,471,2.2,20973,26,1132,6,1137,6,1190,6.3,1145,6,1370,7.2,5652,29.8,4278,22.5,809,4.3,742,3.9,745,3.9,458,2.4,336,1.8,18994,26,11.4,-3.1,-11.2,7,35.2,21.6,1.6,-1.6,-7.4,-7.5,34.3,40.2,10.4,26,0,2,1,0,16,2,1,7,6,27,1,3,7,73,60,0,5,4,1,1,1,1,0,0,26,7495,2.6,6669,94.2,128,218,3.1,918,13,1845,26.1,3429,59.9,8577,56.1,5161,846,16.4,172,3.3,100,764,988,852,1236,1179,616,937,2343,43.3,6613,44.3,873,10.4,1476,9.9,1254,6.7,432,2.2,1600,10.8,3402,22.7,"Manufacturing
",26,"Retail Trade
",10.9,"Accommodation and Food Services
",9.2,"Labourers
",20.9,"Technicians and Trades Workers
",16.6,"Machinery Operators and Drivers
",16.4,26,37,0.2,12880,68.8,12284,65.6,14762,78.5,4640,24.7,"Vietnam
",8414,22.4,"India
",4108,10.9,"Cambodia
",2150,5.7,"China
",1938,5.2,"Sri Lanka
",818,2.2,"Vietnamese
",4860,25.8,"Cantonese
",1637,8.7,"Punjabi
",1374,7.3,"Khmer
",921,4.9,"Mandarin
",907,4.8,26,2,"D1
","22km SE of Melbourne
",1888.5,24,26,"Greater Dandenong (C)
","South East Healthy Communities Partnership
","South Eastern Melbourne
",11.1,0,0,0,"Major Cities of Australia
","Southern Melbourne
",26,4.8,6611,"Monash Medical Centre (Clayton)
",8,6,370,"Monash Medical Centre (Clayton)
",8,6,4923,"Monash Medical Centre (Clayton)
",8,6,1084,22,2478,50.3
27,St-Andrews-Beach-Suburb,5,"B4
","68km S of Melbourne
",289.3,73,101,"Mornington Peninsula (S)
","Frankston - Mornington Peninsula Primary Care Partnership
","Frankston - Mornington Peninsula
",3.1,0,0,0,"Major Cities of Australia
","Bayside Peninsula
",27,0,0,0,0,1.82,59.1,0.01,0.2,1.25,40.7,27,68,7.6,52,5.8,67,7.5,52,5.8,28,3.1,242,27.2,298,33.4,32,3.6,31,3.5,10,1.1,6,0.7,5,0.6,891,27,61,7.6,62,7.7,81,10.1,65,8.1,26,3.3,238,29.6,193,24.1,35,4.3,18,2.3,10,1.2,13,1.6,1,0.1,804,27,11.5,-16.2,-17.4,-19.7,5.8,1.6,54.2,-7.5,71.2,-0.4,-53.8,400,10.9,27,0,0,0,0,0,0,0,0,0,0,0,0,0,0,0,0,0,0,0,0,0,0,0,0,27,312,2.7,317,50.5,"<5
","<5
","n/a
","<5
","n/a
",43,6.8,91,35.1,234,37.9,233,25,10.7,5,2.1,29.8,1046,1078,1061,77,56,24,18,127,36.2,291,46.6,15,3.3,142,22.8,16,2,"<5
","n/a
",70,11.1,230,36.8,"Construction
",20.5,"Retail Trade
",11.3,"Health Care and Social Assistance
",10.4,"Technicians and Trades Workers
",22,"Professionals
",21.3,"Managers
",13.6,27,"<5
","n/a
",116,14.5,54,6.8,41,5,"<5
","n/a
","England
",72,4.5,"Netherlands
",26,1.6,"New Zealand
",22,1.4,"Germany
",18,1.1,"South Africa
",18,1.1,"Greek
",11,1.4,"Italian
",6,0.7,"Hungarian
","<5
",0,"Indonesian
","<5
",0,"German
","<5
",0,27,5,"B4
","68km S of Melbourne
",289.3,73,101,"Mornington Peninsula (S)
","Frankston - Mornington Peninsula Primary Care Partnership
","Frankston - Mornington Peninsula
",3.1,0,0,0,"Major Cities of Australia
","Bayside Peninsula
",27,0,242,"Rosebud Hospital
",12,12,10,"Frankston Hospital
",37,48,353,"Rosebud Hospital
",12,12,95,26.8,170,48.1
28,St-Kilda-East-Suburb,1,"C2
","7km SSE of Melbourne
",5930,10,8,"Glen Eira (C)
","Inner South East Partnership in Community & Health
","Bayside
",2.3,0,0,0,"Major Cities of Australia
","Bayside Peninsula
",28,0.01,0.3,0,0,1.92,85.2,0,0,0.33,14.5,28,862,6.4,642,4.8,493,3.7,611,4.6,1059,7.9,6069,45.4,2459,18.4,310,2.3,253,1.9,190,1.4,198,1.5,229,1.7,13375,28,754,5.9,550,4.3,476,3.7,597,4.7,1129,8.9,5536,43.6,2364,18.6,316,2.5,280,2.2,290,2.3,251,2,166,1.3,12708,28,14.3,16.7,3.6,2.3,-6.2,9.6,4,-2.1,-9.5,-34.4,-21.1,37.6,5.3,28,0,2,0,0,8,7,0,2,1,7,1,3,0,0,0,42,5,2,1,3,0,0,0,0,28,5602,2.2,5767,90.1,292,118,1.8,946,14.8,806,12.6,1235,25.4,2731,28.2,2715,265,9.8,43,1.6,100,933,1118,1065,737,599,244,880,4227,66.6,2097,21.6,324,4.4,2441,25.1,377,3.2,244,1.9,1126,11.6,2283,23.5,"Professional, Scientific and Technical Services
",15.9,"Health Care and Social Assistance
",12,"Education and Training
",10.5,"Professionals
",39.9,"Managers
",15.2,"Clerical and Administrative Workers
",14.3,28,39,0.33,4051,34.7,2557,21.9,3006,25.6,369,3.1,"England
",822,3.5,"India
",808,3.5,"New Zealand
",648,2.8,"United States of America
",604,2.6,"Israel
",528,2.3,"Hebrew
",487,4.2,"Russian
",382,3.3,"Yiddish
",379,3.2,"Greek
",205,1.7,"Polish
",124,1.1,28,1,"C2
","7km SSE of Melbourne
",5930,10,8,"Glen Eira (C)
","Inner South East Partnership in Community & Health
","Bayside
",2.3,0,0,0,"Major Cities of Australia
","Bayside Peninsula
",28,1.1,2308,"Caulfield General Medical Centre
",4,3,145,"Royal Women's Hospital
",13,10,2794,"The Alfred
",6,4,427,15.3,1581,56.6
29,St-Kilda-Suburb,1,"B2
","6km SSE of Melbourne
",6205.3,8,6,"Port Phillip (C)
","Inner South East Partnership in Community & Health
","Bayside
",3.2,0,0,0,"Major Cities of Australia
","Bayside Peninsula
",29,0.33,10.2,0,0,1.74,54.7,0,0,1.11,35.1,29,634,3.2,410,2.1,274,1.4,423,2.1,1895,9.6,10731,54.4,3982,20.2,520,2.6,320,1.6,233,1.2,181,0.9,125,0.6,19728,29,562,3.2,326,1.9,259,1.5,386,2.2,1691,9.7,9302,53.2,3486,19.9,433,2.5,316,1.8,299,1.7,235,1.3,192,1.1,17487,29,12.8,25.7,5.6,9.6,12.1,15.4,14.2,20.1,1.4,-22.2,-23.1,-34.9,12.8,29,0,1,2,0,24,12,1,6,13,17,12,16,5,0,83,28,3,2,0,1,0,0,0,0,29,8982,2,9829,87,870,487,4.3,2379,21,1303,11.5,1783,22.3,3231,22.1,3499,303,8.7,68,1.9,99.6,822,1114,1057,429,266,386,1231,6710,66.3,2745,18.9,623,5.2,2678,18.3,490,3.1,263,1.5,1128,7.7,2111,14.4,"Professional, Scientific and Technical Services
",16.5,"Health Care and Social Assistance
",9.9,"Accommodation and Food Services
",8.3,"Professionals
",38.2,"Managers
",15.8,"Clerical and Administrative Workers
",13.5,29,68,0.43,5948,37.4,3059,19.2,2976,18.7,363,2.3,"England
",2020,6.4,"New Zealand
",1542,4.9,"Ireland
",1060,3.3,"India
",806,2.5,"United States of America
",502,1.6,"Russian
",276,1.7,"French
",240,1.5,"Greek
",221,1.4,"Spanish
",196,1.2,"Italian
",192,1.2,29,1,"B2
","6km SSE of Melbourne
",6205.3,8,6,"Port Phillip (C)
","Inner South East Partnership in Community & Health
","Bayside
",3.2,0,0,0,"Major Cities of Australia
","Bayside Peninsula
",29,1.2,4177,"The Alfred
",4,2,152,"Royal Women's Hospital
",11,8,4549,"The Alfred
",4,2,634,13.9,2627,57.8
30,St-Kilda-West-Suburb,1,"B2
","5km S of Melbourne
",5894,9,6,"Port Phillip (C)
","Inner South East Partnership in Community & Health
","Bayside
",0.5,0,0,0,"Major Cities of Australia
","Bayside Peninsula
",30,0,0,0,0,0.34,63.7,0,0,0.19,36.3,30,117,3.8,67,2.2,113,3.6,73,2.3,225,7.2,1472,47.2,779,25,112,3.6,49,1.6,41,1.3,39,1.3,29,0.9,3116,30,113,3.4,96,2.9,78,2.3,81,2.4,251,7.5,1727,51.8,720,21.6,74,2.2,60,1.8,62,1.9,32,1,42,1.3,3334,30,3.7,-30.1,45.2,-9.7,-10.3,-14.7,8.1,52,-18,-33.8,22.4,-30.5,-6.5,30,0,0,0,0,0,0,0,0,0,0,0,0,0,0,0,0,0,0,0,0,0,0,0,0,30,1442,2,1535,85.8,24,10,0.6,272,15.2,182,10.2,198,15.7,392,17,611,38,6.2,21,3.4,100,1086,1154,1098,114,84,46,195,1177,71.9,399,17.2,68,3.6,476,20.6,52,2,58,2,245,10.6,424,18.4,"Professional, Scientific and Technical Services
",20.4,"Health Care and Social Assistance
",9.9,"Financial and Insurance Services
",8.8,"Professionals
",44.5,"Managers
",19.2,"Clerical and Administrative Workers
",12.5,30,"<5
","n/a
",785,30,367,14,371,14.2,19,0.7,"England
",342,6.6,"New Zealand
",196,3.8,"India
",112,2.1,"Ireland
",110,2.1,"United States of America
",110,2.1,"Greek
",79,3,"Hindi
",32,1.2,"German
",31,1.2,"French
",28,1.1,"Spanish
",28,1.1,30,1,"B2
","5km S of Melbourne
",5894,9,6,"Port Phillip (C)
","Inner South East Partnership in Community & Health
","Bayside
",0.5,0,0,0,"Major Cities of Australia
","Bayside Peninsula
",30,1.1,669,"The Alfred
",5,3,24,"Royal Women's Hospital
",11,8,719,"The Alfred
",5,3,100,13.9,415,57.8
31,Toorak-Suburb,1,"C1
","6km ESE of Melbourne
",3195.4,9,8,"Stonnington (C)
","Inner South East Partnership in Community & Health
","Bayside
",4.3,0,0,0,"Major Cities of Australia
","Bayside Peninsula
",31,0.07,1.7,0,0,3.8,88.1,0,0,0.44,10.2,31,454,3.3,510,3.7,512,3.7,697,5.1,1111,8.1,3832,27.8,3549,25.7,955,6.9,713,5.2,498,3.6,438,3.2,531,3.8,13800,31,482,3.5,543,3.9,643,4.7,782,5.7,1223,8.8,3638,26.3,3885,28.1,702,5.1,513,3.7,478,3.5,483,3.5,463,3.3,13835,31,-5.8,-6.1,-20.4,-10.8,-9.2,5.3,-8.7,36,39.1,4.2,-9.3,14.6,-0.3,31,0,1,0,0,22,3,0,13,2,8,0,9,4,49,0,0,5,1,0,3,0,0,0,0,31,5747,2.2,5966,86.2,114,"<5
","n/a
",572,8.3,670,9.7,900,18.7,2662,25.7,3250,257,7.9,57,1.8,100,1084,1149,1110,608,684,119,977,4966,73.9,1928,18.5,308,4.5,2486,23.8,335,2.8,523,4.1,1230,11.9,2319,22.4,"Professional, Scientific and Technical Services
",17.7,"Health Care and Social Assistance
",13.9,"Retail Trade
",9.9,"Professionals
",40,"Managers
",22.8,"Clerical and Administrative Workers
",13.5,31,11,0.09,3665,30.7,2481,20.8,2238,18.7,143,1.2,"England
",892,3.7,"New Zealand
",604,2.5,"India
",576,2.4,"China
",530,2.2,"Poland
",408,1.7,"Mandarin
",334,2.8,"Cantonese
",231,1.9,"Greek
",194,1.6,"Italian
",151,1.3,"Hindi
",130,1.1,31,1,"C1
","6km ESE of Melbourne
",3195.4,9,8,"Stonnington (C)
","Inner South East Partnership in Community & Health
","Bayside
",4.3,0,0,0,"Major Cities of Australia
","Bayside Peninsula
",31,1.1,1169,"Caulfield General Medical Centre
",6,5,32,"Royal Women's Hospital
",11,9,2814,"The Alfred
",6,4,376,13.4,1604,57
32,Tyabb-Suburb,5,"E2
","54km SSE of Melbourne
",213.8,52,69,"Mornington Peninsula (S)
","Frankston - Mornington Peninsula Primary Care Partnership
","Frankston - Mornington Peninsula
",14.5,0,0,0,"Major Cities of Australia
","Bayside Peninsula
",32,0.01,0.1,0.19,1.3,4.88,33.6,5.77,39.7,3.68,25.3,32,193,6.2,213,6.9,207,6.7,253,8.1,179,5.8,774,24.9,877,28.2,184,5.9,106,3.4,47,1.5,53,1.7,21,0.7,3107,32,129,5.3,164,6.8,200,8.3,172,7.2,146,6.1,556,23.1,757,31.4,110,4.6,78,3.3,48,2,19,0.8,27,1.1,2407,32,50,30,3.3,47,22.4,39.2,15.9,66.9,35.4,-2.3,175.1,-21.9,29.1,32,0,0,0,0,0,0,0,0,0,1,0,0,1,0,0,0,0,2,0,1,0,0,0,0,32,1131,2.6,1083,93.4,7,"<5
","n/a
",19,1.6,136,11.7,334,35.5,836,37.4,881,131,14.9,24,2.7,35.7,941,1102,1032,291,258,78,68,246,22.4,1296,57.9,72,4.4,422,19.1,95,3.3,18,0.6,305,13.8,777,34.8,"Construction
",15.2,"Manufacturing
",13.6,"Retail Trade
",12.8,"Technicians and Trades Workers
",18.9,"Clerical and Administrative Workers
",15.4,"Professionals
",14.7,32,23,0.79,466,16.2,127,4.4,88,3,9,0.3,"England
",452,7.9,"Scotland
",90,1.6,"Netherlands
",66,1.2,"New Zealand
",54,0.9,"Germany
",32,0.6,"German
",20,0.7,"Greek
",20,0.7,"Italian
",12,0.4,"Dutch
",7,0.2,"Thai
",6,0.2,32,5,"E2
","54km SSE of Melbourne
",213.8,52,69,"Mornington Peninsula (S)
","Frankston - Mornington Peninsula Primary Care Partnership
","Frankston - Mornington Peninsula
",14.5,0,0,0,"Major Cities of Australia
","Bayside Peninsula
",32,0.2,559,"Frankston Hospital
",15,16,38,"Frankston Hospital
",15,16,705,"Frankston Hospital
",15,16,209,29.6,275,39
33,Waterways-Suburb,2,"C4
","27km SSE of Melbourne
",1383,33,42,"Kingston (C)
","Kingston - Bayside Primary Care Partnership
","Bayside
",1.7,0,0,0,"Major Cities of Australia
","Bayside Peninsula
",33,0,0,0,0,0.82,48.2,0,0,0.88,51.8,33,202,8.6,200,8.5,202,8.6,163,7,123,5.2,868,37,498,21.2,53,2.3,11,0.5,3,0.1,1,0,20,0.9,2344,33,63,8.9,77,11,49,7,35,4.9,39,5.5,259,36.7,163,23.1,13,1.8,3,0.5,3,0.5,1,0.1,0,0,705,33,220.9,158.7,310,367.1,215.4,235.6,205.8,307.7,221.5,-12.3,46.2,"n/a
",232.3,33,0,0,0,0,0,0,0,0,0,0,0,0,0,0,0,0,0,0,0,0,0,0,0,0,33,687,3.1,653,95.9,"<5
","<5
","n/a
","<5
","n/a
",33,4.8,97,17.2,440,29.1,593,22,3.7,5,0.8,100,1111,1126,1115,238,187,23,95,521,59.7,449,29.4,43,3.7,223,14.7,32,1.5,"<5
","n/a
",174,11.4,583,38.1,"Manufacturing
",14.3,"Retail Trade
",11.1,"Professional, Scientific and Technical Services
",10.5,"Professionals
",28.7,"Managers
",20,"Clerical and Administrative Workers
",17.4,33,"<5
","n/a
",964,46,741,35.4,944,44.9,122,5.8,"China
",220,5.3,"Vietnam
",216,5.2,"England
",194,4.6,"India
",170,4.1,"Cambodia
",148,3.5,"Vietnamese
",142,6.7,"Mandarin
",130,6.2,"Greek
",87,4.1,"Cantonese
",79,3.7,"Khmer
",74,3.5,33,2,"C4
","27km SSE of Melbourne
",1383,33,42,"Kingston (C)
","Kingston - Bayside Primary Care Partnership
","Bayside
",1.7,0,0,0,"Major Cities of Australia
","Bayside Peninsula
",33,3.5,327,"Dandenong Hospital
",13,12,15,"Dandenong Hospital
",13,12,557,"Dandenong Hospital
",13,12,142,25.4,299,53.8
34,Windsor-Suburb,1,"B2
","5km SSE of Melbourne
",7020.3,9,6,"Stonnington (C)
","Inner South East Partnership in Community & Health
","Bayside
",1.1,0,0,0,"Major Cities of Australia
","Bayside Peninsula
",34,0.17,14.9,0,0,0.75,67.7,0,0,0.19,17.4,34,293,3.8,166,2.1,108,1.4,136,1.7,744,9.5,3821,49,1295,16.6,261,3.3,250,3.2,226,2.9,203,2.6,294,3.8,7797,34,267,3.6,129,1.8,135,1.8,176,2.4,735,10,3383,46.2,1256,17.1,262,3.6,208,2.8,181,2.5,184,2.5,413,5.6,7329,34,9.7,28.7,-20,-22.7,1.2,12.9,3.1,-0.4,20.2,24.9,10.3,-28.8,6.4,34,0,2,0,0,7,0,1,0,1,4,1,5,1,176,88,26,1,1,1,0,0,0,0,0,34,3258,2.2,3472,90.2,302,331,8.6,769,20,526,13.7,740,26.4,1477,26.4,1405,126,9,37,2.6,100,716,1121,1042,180,104,161,589,2499,68,1195,21.4,189,4.3,946,16.9,303,4.9,153,2.2,495,9,887,15.9,"Professional, Scientific and Technical Services
",17.4,"Health Care and Social Assistance
",10.3,"Retail Trade
",9,"Professionals
",39.5,"Managers
",16.8,"Clerical and Administrative Workers
",13,34,34,0.55,2211,35.8,1439,23.3,1607,26,330,5.3,"Greece
",558,4.5,"England
",530,4.3,"New Zealand
",490,4,"China
",246,2,"India
",236,1.9,"Greek
",406,6.6,"Mandarin
",155,2.5,"Russian
",117,1.9,"Turkish
",97,1.6,"Cantonese
",83,1.3,34,1,"B2
","5km SSE of Melbourne
",7020.3,9,6,"Stonnington (C)
","Inner South East Partnership in Community & Health
","Bayside
",1.1,0,0,0,"Major Cities of Australia
","Bayside Peninsula
",34,1.3,1790,"The Alfred
",4,2,57,"Royal Women's Hospital
",11,8,1834,"The Alfred
",4,2,238,13,1055,57.5